property_id,owner_id,name,address_query,current_lat,current_lng,geocode_status,geocode_error,suggested_lat,suggested_lng,location_type,partial_match,place_id,formatted_address,distance_km,review_reasons,,,manual_lat,manual_long
9a9c9fd8-2fa5-4907-9be5-31de72349931,bruinplace-script-user,Midvale Luxury Apartments,"527 Midvale Ave, Los Angeles, CA 90024, USA",34.0689,-118.4452,OK,,34.0673649,-118.4527258,GEOMETRIC_CENTER,FALSE,ChIJ56hGDZC8woARYHy2Y-5DDfw,"527 Midvale Ave, Los Angeles, CA 90024, USA",0.7139,location_type_GEOMETRIC_CENTER,,,34.06828712,-118.4537223
d4a5612a-7b01-4fe6-aa75-df391c8bb4b8,bruinplace-script-user,Midvale apts,"527 Midvale Ave, Los Angeles, CA 90024, USA",34.0689,-118.4452,OK,,34.0673649,-118.4527258,GEOMETRIC_CENTER,FALSE,ChIJ56hGDZC8woARYHy2Y-5DDfw,"527 Midvale Ave, Los Angeles, CA 90024, USA",0.7139,location_type_GEOMETRIC_CENTER,,,34.06828712,-118.4537223
4cc9fd3f-53b2-47d9-befc-fd3921ca11a3,bruinplace-script-user,Lindbrook Apartments,"10800 Lindbrook Ave, Fort Myers, FL 33905, USA",34.0689,-118.4452,OK,,26.6751863,-81.6983933,RANGE_INTERPOLATED,FALSE,Ei4xMDgwMCBMaW5kYnJvb2sgQXZlLCBGb3J0IE15ZXJzLCBGTCAzMzkwNSwgVVNBIjESLwoUChIJAXPIRCJu24gRcp_yyZh_WpoQsFQqFAoSCQFzyEQibtuIEWuhUZd2DQkq,"10800 Lindbrook Ave, Fort Myers, FL 33905, USA",3599.4986,location_type_RANGE_INTERPOLATED,,,34.05963334,-118.4464795
7f2a5ccd-9fce-4391-b632-afdbd3bf3833,bruinplace-script-user,Peaceful 23′ × 16′ (320 sf) Large Private Room in Duplex,"Hi Point St, Los Angeles, CA 90035, USA",34.0689,-118.4452,OK,,34.0500882,-118.3691464,GEOMETRIC_CENTER,FALSE,ChIJZ02kSW25woARFY9CQQS1X-I,"Hi Point St, Los Angeles, CA 90035, USA",7.3117,location_type_GEOMETRIC_CENTER,,,34.0484473,-118.3774242
36c46821-fa97-4f86-8ff4-550662b21f9d,bruinplace-script-user,Polly's Place,"N Van Ness Ave, Oakwood, CA 90004, USA",34.0689,-118.4452,OK,,34.0734339,-118.3157056,GEOMETRIC_CENTER,FALSE,EiZOIFZhbiBOZXNzIEF2ZSwgT2Frd29vZCwgQ0EgOTAwMDQsIFVTQSIuKiwKFAoSCUPzrY5Mv8KAEUUNt2SgnnrbEhQKEgmdSJVNo7jCgBFy14b8CEy1uA,"N Van Ness Ave, Oakwood, CA 90004, USA",11.9381,location_type_GEOMETRIC_CENTER,,,34.08996869,-118.3164806
4df82daf-717b-4b67-8494-4df237cdb110,bruinplace-script-user,Hai's room for rent,"11301 Graham Pl, Los Angeles, CA 90064, USA",34.0689,-118.4452,OK,,34.0305047,-118.4347984,RANGE_INTERPOLATED,FALSE,EisxMTMwMSBHcmFoYW0gUGwsIExvcyBBbmdlbGVzLCBDQSA5MDA2NCwgVVNBIjESLwoUChIJXQXHHaa7woARj11nX8q9zU8QpVgqFAoSCRVyiZ6ou8KAEdUYIYa5a8HC,"11301 Graham Pl, Los Angeles, CA 90064, USA",4.3756,location_type_RANGE_INTERPOLATED,,,34.03252918,-118.438801
06458532-ea0e-4ccb-b6ea-c40b05a3bdd8,bruinplace-script-user,The Amara,"11600 Santa Monica Blvd, Los Angeles, CA 90025, USA",34.0689,-118.4452,OK,,34.0441787,-118.4540034,GEOMETRIC_CENTER,FALSE,ChIJ92Nopm-7woAReslJ9UH8u90,"11600 Santa Monica Blvd, Los Angeles, CA 90025, USA",2.866,location_type_GEOMETRIC_CENTER,,,34.04503499,-118.456038
54316e79-cf01-496b-afef-a32d0d0ea7c1,bruinplace-script-user,The SW by CLG,"1947 Sawtelle Blvd, Los Angeles, CA 90025, USA",34.0689,-118.4452,OK,,34.0410127,-118.44433,GEOMETRIC_CENTER,FALSE,ChIJTTIdYXS7woARgsbS8l0TZBI,"1947 Sawtelle Blvd, Los Angeles, CA 90025, USA",3.102,location_type_GEOMETRIC_CENTER,,,34.04196351,-118.4458862
c9ac7ac7-f185-41c8-95ed-20f09bb259b7,bruinplace-script-user,Pico Eleven,"1112 Pico Blvd, Santa Monica, CA 90405, USA",34.0689,-118.4452,OK,,34.0142643,-118.4791667,RANGE_INTERPOLATED,FALSE,EisxMTEyIFBpY28gQmx2ZCwgU2FudGEgTW9uaWNhLCBDQSA5MDQwNSwgVVNBIjESLwoUChIJtVnytC67woARLAtGGRxtQX8Q2AgqFAoSCUt9a7Elu8KAEYXN-DaJkoE0,"1112 Pico Blvd, Santa Monica, CA 90405, USA",6.834,location_type_RANGE_INTERPOLATED,,,34.01452217,-118.4799392
2b2a3020-6f0d-47f6-9c9d-23b6f0ac2240,bruinplace-script-user,Sunset Barrington Gardens,"233 S Barrington Ave, Los Angeles, CA 90049, USA",34.0689,-118.4452,OK,,34.0633723,-118.4693155,GEOMETRIC_CENTER,FALSE,ChIJYeZVW7u8woARUBpmV5Jnibc,"233 S Barrington Ave, Los Angeles, CA 90049, USA",2.3048,location_type_GEOMETRIC_CENTER,,,34.0638386,-118.4707837
bfb151af-0ea3-4734-b442-967185786110,bruinplace-script-user,"Studio City, CA Apartments for Rent","Studio City, CA, CA 90024, USA",34.0689,-118.4452,OK,,34.0631451,-118.4367551,APPROXIMATE,TRUE,ChIJGSquI3y8woAR6Gd_SpR_pDY,"Los Angeles, CA 90024, USA",1.0073,location_type_APPROXIMATE;partial_match,,,,
238a94d5-e7ca-4713-a023-802fa85af39c,bruinplace-script-user,Sherman Oaks Apartments for Rent,"Sherman Oaks, CA, Los Angeles, CA 90024, USA",34.0689,-118.4452,OK,,34.1509272,-118.4486989,APPROXIMATE,TRUE,ChIJ87ycp9uXwoARFv9xgD9OmwM,"Sherman Oaks, Los Angeles, CA, USA",9.1267,location_type_APPROXIMATE;partial_match,,,,
1b6bebe6-2e16-4d60-902c-94af8cb693a6,bruinplace-script-user,"Sherman Oaks, CA Houses for Rent","Sherman Oaks, CA, Los Angeles, CA 90024, USA",34.0689,-118.4452,OK,,34.1509272,-118.4486989,APPROXIMATE,TRUE,ChIJ87ycp9uXwoARFv9xgD9OmwM,"Sherman Oaks, Los Angeles, CA, USA",9.1267,location_type_APPROXIMATE;partial_match,,,,
3f58c2db-c650-4d55-8b37-af14ecb5f700,bruinplace-script-user,Beverly Hills Apartments For Rent,"Beverly Hills, CA 90210, Los Angeles, CA 90210, USA",34.0689,-118.4452,OK,,34.1030032,-118.4104684,APPROXIMATE,FALSE,ChIJ7xfS-zW8woARXNkAJzX5Hs8,"Beverly Hills, CA 90210, USA",4.9609,location_type_APPROXIMATE,,,,
a2006514-aed5-4965-8ae7-75d0148f26dc,bruinplace-script-user,"Beverly Hills, CA","Beverly Hills, CA 90210, Los Angeles, CA 90210, USA",34.0689,-118.4452,OK,,34.1030032,-118.4104684,APPROXIMATE,FALSE,ChIJ7xfS-zW8woARXNkAJzX5Hs8,"Beverly Hills, CA 90210, USA",4.9609,location_type_APPROXIMATE,,,,
c8507417-89e7-4725-a2b3-7eb071f3de72,bruinplace-script-user,Studio City,"Studio City, CA, Los Angeles, CA 90024, USA",34.0689,-118.4452,OK,,34.0631451,-118.4367551,APPROXIMATE,TRUE,ChIJGSquI3y8woAR6Gd_SpR_pDY,"Los Angeles, CA 90024, USA",1.0073,location_type_APPROXIMATE;partial_match,,,,
4c411e7a-99d0-460a-a877-cbae5b37ac8c,bruinplace-script-user,"Studio City, CA","Studio City, CA, Los Angeles, CA 90024, USA",34.0689,-118.4452,OK,,34.0631451,-118.4367551,APPROXIMATE,TRUE,ChIJGSquI3y8woAR6Gd_SpR_pDY,"Los Angeles, CA 90024, USA",1.0073,location_type_APPROXIMATE;partial_match,,,,
6b635ee1-de9d-405f-a739-a1d8d258db9c,bruinplace-script-user,11510 Ohio Ave,"11510 Ohio Ave, Los Angeles, CA 90025, USA",34.0689,-118.4452,OK,,34.046351,-118.4530714,RANGE_INTERPOLATED,FALSE,EioxMTUxMCBPaGlvIEF2ZSwgTG9zIEFuZ2VsZXMsIENBIDkwMDI1LCBVU0EiMRIvChQKEgmNrFphZbvCgBFDvKlPZJ96HxD2WSoUChIJpRPkZXq7woAReTvISq8K19A,"11510 Ohio Ave, Los Angeles, CA 90025, USA",2.6101,location_type_RANGE_INTERPOLATED,,,34.04747996,-118.4560004
3bdfc6ba-bd74-42f6-8097-ab8e3abfd9bd,bruinplace-script-user,11611 Chenault St,"11611 Chenault St Unit FL3-ID60, Los Angeles, CA 90049, USA",34.0689,-118.4452,OK,,34.0583981,-118.4660263,ROOFTOP,TRUE,EjExMTYxMSBDaGVuYXVsdCBTdCBmbDMsIExvcyBBbmdlbGVzLCBDQSA5MDA0OSwgVVNBIh8aHQoWChQKEgl_7PJ_obzCgBG-YkaEzOEI8xIDZmwz,"11611 Chenault St fl3, Los Angeles, CA 90049, USA",2.2459,partial_match,,,34.05834527,-118.4664668
74da9b46-cce1-4956-a129-23ddfd7235a0,bruinplace-script-user,11908 Dorothy St,"11908 Dorothy St Unit FL1-ID382, Los Angeles, CA 90049, United States",34.0689,-118.4452,OK,,34.050415,-118.468429,ROOFTOP,TRUE,EjAxMTkwOCBEb3JvdGh5IFN0IGZsMSwgTG9zIEFuZ2VsZXMsIENBIDkwMDQ5LCBVU0EiHxodChYKFAoSCZHCatVeu8KAEZEOOZ5aK4yIEgNmbDE,"11908 Dorothy St fl1, Los Angeles, CA 90049, USA",2.9671,partial_match,,,34.05052158,-118.4698452
973a5046-0bcf-446a-9239-85dd694bd36f,bruinplace-script-user,Landfair,"Los Angeles, CA 90095, CA 90024, USA",34.0689,-118.4452,OK,,34.0631451,-118.4367551,APPROXIMATE,TRUE,ChIJGSquI3y8woAR6Gd_SpR_pDY,"Los Angeles, CA 90024, USA",1.0073,location_type_APPROXIMATE;partial_match,,,,
dc812289-5d53-40f5-989f-806e279d9f7c,bruinplace-script-user,Hilgard 824,"Los Angeles, CA 90095, CA 90024, USA",34.0689,-118.4452,OK,,34.0631451,-118.4367551,APPROXIMATE,TRUE,ChIJGSquI3y8woAR6Gd_SpR_pDY,"Los Angeles, CA 90024, USA",1.0073,location_type_APPROXIMATE;partial_match,,,34.06593042,-118.4390842
c2c14203-75ef-487c-a542-fafb9d11a67a,bruinplace-script-user,Weyburn Terrace-Magnolia,"Los Angeles, CA 90095, CA 90024, USA",34.0689,-118.4452,OK,,34.0631451,-118.4367551,APPROXIMATE,TRUE,ChIJGSquI3y8woAR6Gd_SpR_pDY,"Los Angeles, CA 90024, USA",1.0073,location_type_APPROXIMATE;partial_match,,,34.06344531,-118.4505759
aaa5bca6-0d0c-4dba-8442-2b3ffe2dc27b,bruinplace-script-user,Levering Terrace,"Los Angeles, CA 90095, CA 90024, USA",34.0689,-118.4452,OK,,34.0631451,-118.4367551,APPROXIMATE,TRUE,ChIJGSquI3y8woAR6Gd_SpR_pDY,"Los Angeles, CA 90024, USA",1.0073,location_type_APPROXIMATE;partial_match,,,34.06329512,-118.4490163
85a182a4-7a59-4b47-b090-18f00bb7493a,bruinplace-script-user,650 Landfair Ave.,"Los Angeles, CA 90095, CA 90024, USA",34.0689,-118.4452,OK,,34.0631451,-118.4367551,APPROXIMATE,TRUE,ChIJGSquI3y8woAR6Gd_SpR_pDY,"Los Angeles, CA 90024, USA",1.0073,location_type_APPROXIMATE;partial_match,,,34.0664698,-118.4488608
2a206233-c5ce-474e-a648-d93b90028a79,bruinplace-script-user,555 Kelton,"Los Angeles, CA 90095, CA 90024, USA",34.0689,-118.4452,OK,,34.0631451,-118.4367551,APPROXIMATE,TRUE,ChIJGSquI3y8woAR6Gd_SpR_pDY,"Los Angeles, CA 90024, USA",1.0073,location_type_APPROXIMATE;partial_match,,,34.06616753,-118.455714
bf236e14-f75e-4c41-8a63-c4070db3ed23,bruinplace-script-user,The Mission,"Los Angeles, CA 90095, CA 90024, USA",34.0689,-118.4452,OK,,34.0631451,-118.4367551,APPROXIMATE,TRUE,ChIJGSquI3y8woAR6Gd_SpR_pDY,"Los Angeles, CA 90024, USA",1.0073,location_type_APPROXIMATE;partial_match,,,34.05543312,-118.4441648
aa5cbe35-e0b3-4328-a68f-da9064911d4c,bruinplace-script-user,600 Kelton,"Los Angeles, CA 90095, CA 90024, USA",34.0689,-118.4452,OK,,34.0631451,-118.4367551,APPROXIMATE,TRUE,ChIJGSquI3y8woAR6Gd_SpR_pDY,"Los Angeles, CA 90024, USA",1.0073,location_type_APPROXIMATE;partial_match,,,34.06612614,-118.4529759
2157b97a-d0dd-48c5-a2fd-c0d715b6c878,bruinplace-script-user,Veteran Terrace,"Los Angeles, CA 90095, CA 90024, USA",34.0689,-118.4452,OK,,34.0631451,-118.4367551,APPROXIMATE,TRUE,ChIJGSquI3y8woAR6Gd_SpR_pDY,"Los Angeles, CA 90024, USA",1.0073,location_type_APPROXIMATE;partial_match,,,34.05413615,-118.4433103
cfce7aa8-554f-42bc-92eb-d0e346f57636,bruinplace-script-user,10989 Roebling Ave,"Los Angeles, CA 90095, CA 90024, USA",34.0689,-118.4452,OK,,34.0631451,-118.4367551,APPROXIMATE,TRUE,ChIJGSquI3y8woAR6Gd_SpR_pDY,"Los Angeles, CA 90024, USA",1.0073,location_type_APPROXIMATE;partial_match,,,34.06520709,-118.4496032
79175b32-7f08-497c-aa5e-85037a20a799,bruinplace-script-user,10987 Roebling Ave,"Los Angeles, CA 90095, CA 90024, USA",34.0689,-118.4452,OK,,34.0631451,-118.4367551,APPROXIMATE,TRUE,ChIJGSquI3y8woAR6Gd_SpR_pDY,"Los Angeles, CA 90024, USA",1.0073,location_type_APPROXIMATE;partial_match,,,34.06522258,-118.449658
33b7055f-674d-4037-a497-2a487cc8ce16,bruinplace-script-user,Midvale Arms,"Los Angeles, CA 90095, CA 90024, USA",34.0689,-118.4452,OK,,34.0631451,-118.4367551,APPROXIMATE,TRUE,ChIJGSquI3y8woAR6Gd_SpR_pDY,"Los Angeles, CA 90024, USA",1.0073,location_type_APPROXIMATE;partial_match,,,34.05409254,-118.4413105
2e75e5ee-96fd-4073-b82c-53aa32db4b88,bruinplace-script-user,Felix,"Los Angeles, CA 90095, CA 90024, USA",34.0689,-118.4452,OK,,34.0631451,-118.4367551,APPROXIMATE,TRUE,ChIJGSquI3y8woAR6Gd_SpR_pDY,"Los Angeles, CA 90024, USA",1.0073,location_type_APPROXIMATE;partial_match,,,,
24c3bda3-9af4-427b-8833-a50ba58e154b,bruinplace-script-user,Keystone Ave Apartments,"Los Angeles, CA 90095, CA 90024, USA",34.0689,-118.4452,OK,,34.0631451,-118.4367551,APPROXIMATE,TRUE,ChIJGSquI3y8woAR6Gd_SpR_pDY,"Los Angeles, CA 90024, USA",1.0073,location_type_APPROXIMATE;partial_match,,,34.02057582,-118.4062169
3fe6cd99-2991-4e53-95a9-62b99da7ac2c,bruinplace-script-user,10780 Rochester,"Los Angeles, CA 90095, CA 90024, USA",34.0689,-118.4452,OK,,34.0631451,-118.4367551,APPROXIMATE,TRUE,ChIJGSquI3y8woAR6Gd_SpR_pDY,"Los Angeles, CA 90024, USA",1.0073,location_type_APPROXIMATE;partial_match,,,34.0572739,-118.4385734
fd264e37-1326-441d-b841-341bea59d88b,bruinplace-script-user,Bellwood Apartments,"Los Angeles, CA 90095, CA 90024, USA",34.0689,-118.4452,OK,,34.0631451,-118.4367551,APPROXIMATE,TRUE,ChIJGSquI3y8woAR6Gd_SpR_pDY,"Los Angeles, CA 90024, USA",1.0073,location_type_APPROXIMATE;partial_match,,,34.18185347,-118.5553695
1b65bc13-d007-43fd-994c-b2b4969a63f0,bruinplace-script-user,Brent Manor Apartments,"Los Angeles, CA 90095, CA 90024, USA",34.0689,-118.4452,OK,,34.0631451,-118.4367551,APPROXIMATE,TRUE,ChIJGSquI3y8woAR6Gd_SpR_pDY,"Los Angeles, CA 90024, USA",1.0073,location_type_APPROXIMATE;partial_match,,,34.04980225,-118.4584172
2034b2f4-4f33-4a58-8eab-5fe75a9532fa,bruinplace-script-user,Woodley Condo,"Los Angeles, CA 90095, CA 90024, USA",34.0689,-118.4452,OK,,34.0631451,-118.4367551,APPROXIMATE,TRUE,ChIJGSquI3y8woAR6Gd_SpR_pDY,"Los Angeles, CA 90024, USA",1.0073,location_type_APPROXIMATE;partial_match,,,,
5ca2af3f-4f8d-4f85-8377-3d67455663b6,bruinplace-script-user,Linea Unit 100,"Los Angeles, CA 90095, CA 90024, USA",34.0689,-118.4452,OK,,34.0631451,-118.4367551,APPROXIMATE,TRUE,ChIJGSquI3y8woAR6Gd_SpR_pDY,"Los Angeles, CA 90024, USA",1.0073,location_type_APPROXIMATE;partial_match,,,34.03862765,-118.4354857
24253a89-caab-4f9a-843f-be43d41f56b5,bruinplace-script-user,12035 Wilshire Blvd,"12035 Wilshire Blvd Unit FL4-ID1060, Los Angeles, CA 90025, USA",34.0689,-118.4452,OK,,34.0453898,-118.4664367,ROOFTOP,TRUE,EjMxMjAzNSBXaWxzaGlyZSBCbHZkIGZsNCwgTG9zIEFuZ2VsZXMsIENBIDkwMDI1LCBVU0EiHxodChYKFAoSCYfPQPdcu8KAETKQ7b19a17cEgNmbDQ,"12035 Wilshire Blvd fl4, Los Angeles, CA 90025, USA",3.2652,partial_match,,,34.04554979,-118.4664582
f813d01e-a086-4472-af39-347be3751c3d,bruinplace-script-user,Laurel,"920 Weyburn Place. North Los Angeles, CA 90095, Los Angeles, CA 90095, USA",34.0689,-118.4452,OK,,34.0632459,-118.4508562,GEOMETRIC_CENTER,FALSE,ChIJeQf7YYO8woARw7j0Q5zTrsE,"Parking lot, 920 Weyburn Pl, Los Angeles, CA 90024, USA",0.8165,location_type_GEOMETRIC_CENTER,,,34.0637427,-118.4510708
cfd051bd-c9e5-436d-9da7-2299fed5db70,bruinplace-script-user,Weyburn Terrace-Aloe,"740 Weyburn Terrace Los Angeles 90024, Los Angeles, CA 90024, USA",34.0689,-118.4452,OK,,34.0635412,-118.4512659,GEOMETRIC_CENTER,FALSE,ChIJB3ASy4S8woARlzyu0OyllV8,"Aloe Court, 740 Weyburn Terrace, Los Angeles, CA 90024, USA",0.8169,location_type_GEOMETRIC_CENTER,,,34.06359432,-118.4512906
196f6121-bbbe-496f-b680-2b8421557f6a,bruinplace-script-user,Weyburn Terrace-Olive,"825 Weyburn Terrace Los Angeles 90024, Los Angeles, CA 90024, USA",34.0689,-118.4452,OK,,34.0621111,-118.450844,GEOMETRIC_CENTER,FALSE,ChIJpZj0qoS8woARcuElc9-0Y-k,"Olive Court, 825 Weyburn Terrace, Los Angeles, CA 90024, USA",0.9166,location_type_GEOMETRIC_CENTER,,,34.06216339,-118.4508432
e9b80612-0273-46a6-b380-a49c164ec19a,bruinplace-script-user,Club California,"10982 Roebling Ave., Los Angeles, CA 10982, USA",34.0689,-118.4452,OK,,34.0646055,-118.4490755,GEOMETRIC_CENTER,FALSE,ChIJmUdN5YS8woARYoSnUR8l65I,"10982 Roebling Ave, Los Angeles, CA 90024, USA",0.5962,location_type_GEOMETRIC_CENTER,,,34.06472462,-118.4490739
6aaa2563-5e22-44c5-aabf-34dd88ad727e,bruinplace-script-user,SW byCLG,"1947 Sawtelle Blvd, Los Angeles, CA 90024, USA",34.0689,-118.4452,OK,,34.0410127,-118.44433,GEOMETRIC_CENTER,FALSE,ChIJTTIdYXS7woARgsbS8l0TZBI,"1947 Sawtelle Blvd, Los Angeles, CA 90025, USA",3.102,location_type_GEOMETRIC_CENTER,,,34.04114561,-118.4443091
c4d77758-318c-4093-979d-f1f047a9b54d,bruinplace-script-user,1352 Carmelina Ave,"1352 Carmelina Ave, Los Angeles, CA 90024, USA",34.0689,-118.4452,OK,,34.039961,-118.4669613,GEOMETRIC_CENTER,FALSE,ChIJ1QIyoUO7woARUfOCN0mVWEQ,"1352 S Carmelina Ave, Los Angeles, CA 90025, USA",3.7913,location_type_GEOMETRIC_CENTER,,,34.04017858,-118.4669549
